序号,链接,节点数
0,https://0buqTM.absslk.xyz/7192e52a73099876879d8d785445d484,0
1,https://4JavQH.mcsslk.xyz/73a0bde71eb2473f9d760f081816c7e4,0
2,https://gist.githubusercontent.com/peasoft/40b87245630092f30cc98af61190b4e2/raw/,10
3,https://gitlab.com/colloq168/nodefiltrate/-/raw/main/filtrate?ref_type=heads,0
4,https://raw.githubusercontent.com/Alvin9999/pac2/master/clash.meta2/1/config.yaml,0
5,https://raw.githubusercontent.com/Alvin9999/pac2/master/clash.meta2/13/config.yaml,0
6,https://raw.githubusercontent.com/Alvin9999/pac2/master/clash.meta2/15/config.yaml,0
7,https://raw.githubusercontent.com/Alvin9999/pac2/master/clash.meta2/2/config.yaml,0
8,https://raw.githubusercontent.com/Alvin9999/pac2/master/clash.meta2/config.yaml,0
9,https://raw.githubusercontent.com/Huibq/TrojanLinks/master/links/vmess,0
10,https://raw.githubusercontent.com/Surfboardv2ray/TGParse/main/python/hy2,63
11,https://raw.githubusercontent.com/Surfboardv2ray/TGParse/main/python/hysteria2,40
12,https://raw.githubusercontent.com/qjlxg/hy2/main/splitted/hy2,0
13,https://raw.githubusercontent.com/ripaojiedian/freenode/main/clash,20
14,https://raw.githubusercontent.com/ripaojiedian/freenode/main/sub,22
15,https://raw.githubusercontent.com/zhangkaiitugithub/passcro/main/speednodes.yaml,360

总计,,481
